id,folder_name,album_slug,album_url,cover_thumbnail_filename,smugmug_image_id,parsed_make,parsed_model,parsed_body_style,parsed_color_raw,luxury_tier,is_vehicle,is_duplicate,missing_thumbnail,is_malformed,is_name_slug_mismatch,homepage_worthy,launch_featured,needs_review
1,Group Photos 04/2026,Group-Photos-042026,https://miamifever.smugmug.com/Clients/Cars/Premiere-2021/n-hWt5TL/NEW/Group-Photos-042026,DSC_1893-L.jpg,i-KD4N4fB,,,,,unknown,false,false,false,false,false,false,false,false
2,Rolls-Royce Cullinan Black:Black-Teal,Rolls-Royce-Cullinan-BlackBlack-Teal,https://miamifever.smugmug.com/Clients/Cars/Premiere-2021/n-hWt5TL/NEW/Rolls-Royce-Cullinan-BlackBlack-Teal,DSC_0819-L.jpg,i-tNdhwL8,Rolls-Royce,Cullinan,SUV,Black-Teal,ultra-luxury,true,false,false,false,false,true,true,false
3,Lamborghini Huracan Spyder Black:Black,Lamborghini-Huracan-Spyder-BlackBlack,https://miamifever.smugmug.com/Clients/Cars/Premiere-2021/n-hWt5TL/NEW/Lamborghini-Huracan-Spyder-BlackBlack,DSC_0192-L.jpg,i-7MMSRRP,Lamborghini,Huracan,Convertible/Spyder,Black,ultra-luxury,true,false,false,false,false,true,true,false
4,Ford Mustang Ecoboost Convertible White Blue Stripe:Black,Ford-Mustang-Ecoboost-Convertible-White-Blue-StripeBlack,https://miamifever.smugmug.com/Clients/Cars/Premiere-2021/n-hWt5TL/NEW/Ford-Mustang-Ecoboost-Convertible-White-Blue-StripeBlack,DSC_0386-L.jpg,i-Xg9P92Q,Ford,Mustang,Convertible,Black,standard,true,false,false,false,false,false,false,false
5,Chevrolet Corvette Z06 Convertible Grey:Red,Chevrolet-Corvette-Z06-Convertible-GreyRed,https://miamifever.smugmug.com/Clients/Cars/Premiere-2021/n-hWt5TL/NEW/Chevrolet-Corvette-Z06-Convertible-GreyRed,DSC_0385-L.jpg,i-LmP7k8r,Chevrolet,Corvette,Convertible,Red,standard,true,false,false,false,false,false,false,false
6,Rolls-Royce Cullinan Black:Black,Rolls-Royce-Cullinan-BlackBlack,https://miamifever.smugmug.com/Clients/Cars/Premiere-2021/n-hWt5TL/NEW/Rolls-Royce-Cullinan-BlackBlack,DSC_0309-L.jpg,i-tLJ65zK,Rolls-Royce,Cullinan,SUV,Black,ultra-luxury,true,false,false,false,false,true,true,false
7,Lamborghini Huracan White:Black,Lamborghini-Huracan-WhiteBlack,https://miamifever.smugmug.com/Clients/Cars/Premiere-2021/n-hWt5TL/NEW/Lamborghini-Huracan-WhiteBlack,DSC_9707-L.jpg,i-fRkhptH,Lamborghini,Huracan,,Black,ultra-luxury,true,false,false,false,false,true,false,false
8,Chevrolet Corvette Convertible White:Red,Chevrolet-Corvette-Convertible-WhiteRed,https://miamifever.smugmug.com/Clients/Cars/Premiere-2021/n-hWt5TL/NEW/Chevrolet-Corvette-Convertible-WhiteRed,DSC_6287-X2.jpg,i-QGgV7wb,Chevrolet,Corvette,Convertible,Red,standard,true,false,false,false,false,false,false,false
9,Porsche 911 Carrera Convertible Black Edition Black:Black,Porsche-911-Carrera-Convertible-Black-Edition-BlackBlack,https://miamifever.smugmug.com/Clients/Cars/Premiere-2021/n-hWt5TL/NEW/Porsche-911-Carrera-Convertible-Black-Edition-BlackBlack,DSC_4193-L.jpg,i-d6mKKsG,Porsche,911,Convertible,Black,premium,true,false,false,false,false,false,false,false
10,Mercedes-Benz G550 Black:Black,Mercedes-Benz-G550-BlackBlack,https://miamifever.smugmug.com/Clients/Cars/Premiere-2021/n-hWt5TL/NEW/Mercedes-Benz-G550-BlackBlack,DSC_3886-L.jpg,i-k6ttZ4b,Mercedes-Benz,G550,SUV,Black,premium,true,false,false,false,false,false,false,false
11,Ford Mustang Convertible White w: Black Stripe:Black,Ford-Mustang-Convertible-White-w-Black-StripeBlack,https://miamifever.smugmug.com/Clients/Cars/Premiere-2021/n-hWt5TL/NEW/Ford-Mustang-Convertible-White-w-Black-StripeBlack,DSC_4071-L.jpg,i-DVDQGrP,Ford,Mustang,Convertible,Black Stripe:Black,standard,true,false,false,false,false,false,false,false
12,Ford Mustang Convertible White w: Red Stripe:Black,Ford-Mustang-Convertible-White-w-Red-StripeBlack,https://miamifever.smugmug.com/Clients/Cars/Premiere-2021/n-hWt5TL/NEW/Ford-Mustang-Convertible-White-w-Red-StripeBlack,DSC_3969-L.jpg,i-cJChXmC,Ford,Mustang,Convertible,Red Stripe:Black,standard,true,false,false,false,false,false,false,false
13,Land Rover Range Rover P530 White:Red,Land-Rover-Range-Rover-P530-WhiteRed,https://miamifever.smugmug.com/Clients/Cars/Premiere-2021/n-hWt5TL/NEW/Land-Rover-Range-Rover-P530-WhiteRed,DSC_1116-L.jpg,i-bcSWBLj,Land Rover,Range Rover,SUV,Red,premium,true,false,false,false,false,false,false,false
14,Chevrolet Corvette C8 Coupe Blue:Black,Chevrolet-Corvette-C8-Coupe-BlueBlack,https://miamifever.smugmug.com/Clients/Cars/Premiere-2021/n-hWt5TL/NEW/Chevrolet-Corvette-C8-Coupe-BlueBlack,DSC_9700-L.jpg,i-WNDCxdD,Chevrolet,Corvette,Coupe,Black,standard,true,false,false,false,false,false,false,false
15,Lamborghini Huracan Spyder Balloon White:Red,Lamborghini-Huracan-Spyder-Balloon-WhiteRed,https://miamifever.smugmug.com/Clients/Cars/Premiere-2021/n-hWt5TL/NEW/Lamborghini-Huracan-Spyder-Balloon-WhiteRed,DSC_3289-L.jpg,i-FHBwRJX,Lamborghini,Huracan,Convertible/Spyder,Red,ultra-luxury,true,false,false,false,false,true,true,false
16,BMW M4 Competition Convertible Black:Black,BMW-M4-Competition-Convertible-BlackBlack,https://miamifever.smugmug.com/Clients/Cars/Premiere-2021/n-hWt5TL/NEW/BMW-M4-Competition-Convertible-BlackBlack,DSC_6781-L.jpg,i-vpR9WPR,BMW,M4,Convertible,Black,premium,true,false,false,false,false,false,false,false
17,Bentley Bentayga W12 Speed Black:Black-Orange,Bentley-Bentayga-W12-Speed-BlackBlack-Orange,https://miamifever.smugmug.com/Clients/Cars/Premiere-2021/n-hWt5TL/NEW/Bentley-Bentayga-W12-Speed-BlackBlack-Orange,DSC_6680-L.jpg,i-4fSb4WW,Bentley,Bentayga,SUV,Black-Orange,ultra-luxury,true,false,false,false,false,true,true,false
18,Bentley Continental Convertible W12 Speed Black:Black-Orange,Bentley-Continental-Convertible-W12-Speed-BlackBlack-Orange,https://miamifever.smugmug.com/Clients/Cars/Premiere-2021/n-hWt5TL/NEW/Bentley-Continental-Convertible-W12-Speed-BlackBlack-Orange,DSC_6530-L.jpg,i-fq3s6sz,Bentley,Continental,Convertible,Black-Orange,ultra-luxury,true,false,false,false,false,true,true,false
19,Lamborghini Urus Red:Black,Lamborghini-Urus-RedBlack-1,https://miamifever.smugmug.com/Clients/Cars/Premiere-2021/n-hWt5TL/NEW/Lamborghini-Urus-RedBlack-1,DSC_4677-L.jpg,i-g3ZdnQm,Lamborghini,Urus,SUV,Black,ultra-luxury,true,true,false,false,false,false,false,true
20,Bentley Bentayga White:Black,Bentley-Bentayga-WhiteBlack-1,https://miamifever.smugmug.com/Clients/Cars/Premiere-2021/n-hWt5TL/NEW/Bentley-Bentayga-WhiteBlack-1,DSC_6166-L.jpg,i-qB2ZLXM,Bentley,Bentayga,SUV,Black,ultra-luxury,true,true,false,false,false,false,false,true
21,Chevrolet Corvette C8 Coupe Grey:Black,Chevrolet-Corvette-C8-Coupe-GreyBlack,https://miamifever.smugmug.com/Clients/Cars/Premiere-2021/n-hWt5TL/NEW/Chevrolet-Corvette-C8-Coupe-GreyBlack,DSC_3856-L.jpg,i-h9tMvbD,Chevrolet,Corvette,Coupe,Black,standard,true,false,false,false,false,false,false,false
22,Lamborghini Urus Grey:Brown,Lamborghini-Urus-GreyBrown,https://miamifever.smugmug.com/Clients/Cars/Premiere-2021/n-hWt5TL/NEW/Lamborghini-Urus-GreyBrown,DSC_3658-L.jpg,i-2JRFcFF,Lamborghini,Urus,SUV,Brown,ultra-luxury,true,false,false,false,false,true,true,false
23,Lamborghini Huracan EVO Spyder Blu Glauco : Black,Lamborghini-Huracan-EVO-Spyder-Blu-Glauco-Black,https://miamifever.smugmug.com/Clients/Cars/Premiere-2021/n-hWt5TL/NEW/Lamborghini-Huracan-EVO-Spyder-Blu-Glauco-Black,DSC_3499-L.jpg,i-pXLBqjt,Lamborghini,Huracan,Convertible/Spyder,Black,ultra-luxury,true,false,false,false,false,true,true,false
24,Lamborghini Huracan Orange:Orange:Black,Lamborghini-Huracan-OrangeOrangeBlack,https://miamifever.smugmug.com/Clients/Cars/Premiere-2021/n-hWt5TL/NEW/Lamborghini-Huracan-OrangeOrangeBlack,DSC_2851-L.jpg,i-V9tWmJM,Lamborghini,Huracan,,Orange:Black,ultra-luxury,true,false,false,false,false,true,false,false
25,Lamborghini Huracan EVO Green:Black,Lamborghini-Huracan-EVO-GreenBlack,https://miamifever.smugmug.com/Clients/Cars/Premiere-2021/n-hWt5TL/NEW/Lamborghini-Huracan-EVO-GreenBlack,DSC_2686-L.jpg,i-wn7Mw4p,Lamborghini,Huracan,,Black,ultra-luxury,true,false,false,false,false,true,true,false
26,Lamborghini Huracan Yellow:Black,Lamborghini-Huracan-YellowBlack,https://miamifever.smugmug.com/Clients/Cars/Premiere-2021/n-hWt5TL/NEW/Lamborghini-Huracan-YellowBlack,DSC_2496-L.jpg,i-KVtPd4w,Lamborghini,Huracan,,Black,ultra-luxury,true,false,false,false,false,true,true,false
27,Rolls-Royce Dawn Black:Black,Rolls-Royce-Dawn-BlackBlack,https://miamifever.smugmug.com/Clients/Cars/Premiere-2021/n-hWt5TL/NEW/Rolls-Royce-Dawn-BlackBlack,DSC_2368-L.jpg,i-SXxcCHt,Rolls-Royce,Dawn,,Black,ultra-luxury,true,false,false,false,false,true,true,false
28,Lamborghini Huracan EVO Spyder Nero Nemesis:Red,Lamborghini-Huracan-EVO-Spyder-Nero-NemesisRed-1,https://miamifever.smugmug.com/Clients/Cars/Premiere-2021/n-hWt5TL/NEW/Lamborghini-Huracan-EVO-Spyder-Nero-NemesisRed-1,DSC_2050-L.jpg,i-WCJc3Bg,Lamborghini,Huracan,Convertible/Spyder,Red,ultra-luxury,true,true,false,false,false,false,false,true
29,Decoplage 927,Decoplage-927,https://miamifever.smugmug.com/Clients/Cars/Premiere-2021/n-hWt5TL/NEW/Decoplage-927,DSC_1930-L.jpg,i-NzJb5Wh,,,,,unknown,false,false,false,false,false,false,false,false
30,Ford Mustang Convertible White:Black,Ford-Mustang-Convertible-WhiteBlack,https://miamifever.smugmug.com/Clients/Cars/Premiere-2021/n-hWt5TL/NEW/Ford-Mustang-Convertible-WhiteBlack,DSC_7580-L.jpg,i-9sBHK8n,Ford,Mustang,Convertible,Black,standard,true,false,false,false,false,false,false,false
31,Lamborghini Huracan EVO Spyder Nero Nemesis:Red,Lamborghini-Huracan-EVO-Spyder-NemesisRed,https://miamifever.smugmug.com/Clients/Cars/Premiere-2021/n-hWt5TL/NEW/Lamborghini-Huracan-EVO-Spyder-NemesisRed,DSC_9239-L.jpg,i-JLgNHBv,Lamborghini,Huracan,Convertible/Spyder,Red,ultra-luxury,true,true,false,false,false,false,false,true
32,Chevrolet Corvette C8 Coupe Blue:Red,Chevrolet-Corvette-C8-Coupe-BlueRed,https://miamifever.smugmug.com/Clients/Cars/Premiere-2021/n-hWt5TL/NEW/Chevrolet-Corvette-C8-Coupe-BlueRed,DSC_0696-L.jpg,i-8xFJc8N,Chevrolet,Corvette,Coupe,Red,standard,true,false,false,false,false,false,false,false
33,Bentley Bentayga White:Black,Bentley-Bentayga-WhiteBlack,https://miamifever.smugmug.com/Clients/Cars/Premiere-2021/n-hWt5TL/NEW/Bentley-Bentayga-WhiteBlack,DSC_5126-L.jpg,i-DwpjXPm,Bentley,Bentayga,SUV,Black,ultra-luxury,true,true,false,false,false,false,false,true
34,McLaren GT Green:Black,McLaren-GT-GreenBlack,https://miamifever.smugmug.com/Clients/Cars/Premiere-2021/n-hWt5TL/NEW/McLaren-GT-GreenBlack,DSC_5542-L.jpg,i-dnkdX56,McLaren,GT,,Black,ultra-luxury,true,false,false,false,false,true,true,false
35,Tesla Model X White:White,Tesla-Model-X-WhiteWhite,https://miamifever.smugmug.com/Clients/Cars/Premiere-2021/n-hWt5TL/NEW/Tesla-Model-X-WhiteWhite,00-2-L.jpg,i-hvxHxdF,Tesla,Model X,,White,premium,true,false,false,false,false,false,false,false
36,McLaren GT Orange:Black,McLaren-GT-OrangeBlack,https://miamifever.smugmug.com/Clients/Cars/Premiere-2021/n-hWt5TL/NEW/McLaren-GT-OrangeBlack,DSC_4561-L.jpg,i-BVJFDcm,McLaren,GT,,Black,ultra-luxury,true,false,false,false,false,true,true,false
37,Lamborghini Urus Orange Wrap,Lamborghini-Urus-Orange-Wrap,https://miamifever.smugmug.com/Clients/Cars/Premiere-2021/n-hWt5TL/NEW/Lamborghini-Urus-Orange-Wrap,DSC_4209-L.jpg,i-bXp67hK,Lamborghini,Urus,SUV,,ultra-luxury,true,false,false,false,false,true,false,false
38,Lamborghini Huracan Spyder Orange:Black,Lamborghini-Huracan-Spyder-OrangeBlack,https://miamifever.smugmug.com/Clients/Cars/Premiere-2021/n-hWt5TL/NEW/Lamborghini-Huracan-Spyder-OrangeBlack,DSC_3978-L.jpg,i-4fFR4qT,Lamborghini,Huracan,Convertible/Spyder,Black,ultra-luxury,true,false,false,false,false,true,false,false
39,McLaren GT Black:Black,McLaren-GT-BlackBlack,https://miamifever.smugmug.com/Clients/Cars/Premiere-2021/n-hWt5TL/NEW/McLaren-GT-BlackBlack,DSC_2938-L.jpg,i-4CjfsBV,McLaren,GT,,Black,ultra-luxury,true,false,false,false,false,true,true,false
40,Chevrolet Corvette C8 Coupe,Chevrolet-Corvette-C8-Coupe,https://miamifever.smugmug.com/Clients/Cars/Premiere-2021/n-hWt5TL/NEW/Chevrolet-Corvette-C8-Coupe,00-L.jpg,i-NPtkP3z,Chevrolet,Corvette,Coupe,,standard,true,false,false,false,false,false,false,false
41,Lamborghini Urus Red:Black,Lamborghini-Urus-RedBlack,https://miamifever.smugmug.com/Clients/Cars/Premiere-2021/n-hWt5TL/NEW/Lamborghini-Urus-RedBlack,00b-L.jpg,i-XcgTS7D,Lamborghini,Urus,SUV,Black,ultra-luxury,true,true,false,false,false,false,false,true
42,Lamborghini Huracan Spyder Bianco Monocerus,Lamborghini-Huracan-Spyder-Bianco-Monocerus,https://miamifever.smugmug.com/Clients/Cars/Premiere-2021/n-hWt5TL/NEW/Lamborghini-Huracan-Spyder-Bianco-Monocerus,00d-L.jpg,i-gNjp9RB,Lamborghini,Huracan,Convertible/Spyder,,ultra-luxury,true,false,false,false,false,false,false,false
43,Lamborghini Huracan EVO Spyder Green:Black,Lamborghini-Huracan-EVO-Spyder-GreenBlack,https://miamifever.smugmug.com/Clients/Cars/Premiere-2021/n-hWt5TL/NEW/Lamborghini-Huracan-EVO-Spyder-GreenBlack,01-L.jpg,i-DfRfW8p,Lamborghini,Huracan,Convertible/Spyder,Black,ultra-luxury,true,false,false,false,false,false,false,false
44,Rolls Royce Ghost,Rolls-Royce-Ghost,https://miamifever.smugmug.com/Clients/Cars/Premiere-2021/n-hWt5TL/NEW/Rolls-Royce-Ghost,,,Rolls-Royce,Ghost,Sedan,,ultra-luxury,true,false,true,false,false,false,false,true
45,Bentley Continental GT Convertible First Edition,Bentley-Continental-GT-Convertible-First-Edition,https://miamifever.smugmug.com/Clients/Cars/Premiere-2021/n-hWt5TL/NEW/Bentley-Continental-GT-Convertible-First-Edition,,,Bentley,Continental,Convertible,,ultra-luxury,true,false,true,false,false,false,false,true
46,Cadillac Escalade 600,Cadillac-Escalade-600,https://miamifever.smugmug.com/Clients/Cars/Premiere-2021/n-hWt5TL/NEW/Cadillac-Escalade-600,,,Cadillac,Escalade,SUV,,premium,true,false,true,false,false,false,false,true
47,BRABUS 550 Adventure 4x4²,BRABUS-550-Adventure-4x4,https://miamifever.smugmug.com/Clients/Cars/Premiere-2021/n-hWt5TL/NEW/BRABUS-550-Adventure-4x4,,,BRABUS,550,,,ultra-luxury,true,false,true,true,false,false,false,true
48,Rolls-Royce Cullinan,Rolls-Royce-Cullinan-1,https://miamifever.smugmug.com/Clients/Cars/Premiere-2021/n-hWt5TL/NEW/Rolls-Royce-Cullinan-1,,,Rolls-Royce,Cullinan,SUV,,ultra-luxury,true,true,true,false,false,false,false,true
49,Lamborghini Huracan EVO Spyder Yellow,Lamborghini-Huracan-EVO-Spyder-Yellow,https://miamifever.smugmug.com/Clients/Cars/Premiere-2021/n-hWt5TL/NEW/Lamborghini-Huracan-EVO-Spyder-Yellow,DSC_1440-L.jpg,i-wNBm7nq,Lamborghini,Huracan,Convertible/Spyder,,ultra-luxury,true,false,false,false,false,true,false,false
50,Lamborghini Huracan EVO Spyder Red,Lamborghini-Huracan-EVO-Spyder-Red-1,https://miamifever.smugmug.com/Clients/Cars/Premiere-2021/n-hWt5TL/NEW/Lamborghini-Huracan-EVO-Spyder-Red-1,DSC_1059-X2.jpg,i-VtJq9gF,Lamborghini,Huracan,Convertible/Spyder,,ultra-luxury,true,true,false,false,false,false,false,true
51,Lamborghini Urus Grey,Lamborghini-Urus-Brown,https://miamifever.smugmug.com/Clients/Cars/Premiere-2021/n-hWt5TL/NEW/Lamborghini-Urus-Brown,DSC_0970-X2.jpg,i-fSwNcpT,Lamborghini,Urus,SUV,,ultra-luxury,true,false,false,false,true,true,false,true
52,Rolls Royce Dawn Black Badge,Rolls-Royce-Dawn-Black-Badge,https://miamifever.smugmug.com/Clients/Cars/Premiere-2021/n-hWt5TL/NEW/Rolls-Royce-Dawn-Black-Badge,,,Rolls-Royce,Dawn,,,ultra-luxury,true,false,true,false,false,false,false,true
53,Rolls-Royce Dawn Black:Red,Rolls-Royce-Dawn-BlackRed,https://miamifever.smugmug.com/Clients/Cars/Premiere-2021/n-hWt5TL/NEW/Rolls-Royce-Dawn-BlackRed,DSC_6778-L.jpg,i-LzGzHws,Rolls-Royce,Dawn,,Red,ultra-luxury,true,false,false,false,false,true,true,false
54,Lamborghini Urus Blue Wrap,Lamborghini-Urus-Blue-Wrap,https://miamifever.smugmug.com/Clients/Cars/Premiere-2021/n-hWt5TL/NEW/Lamborghini-Urus-Blue-Wrap,00-L.jpg,i-TxWckfg,Lamborghini,Urus,SUV,,ultra-luxury,true,false,false,false,false,false,false,false
55,Lamborghini Huracan EVO Giallo Inti,Lamborghini-Huracan-EVO-Giallo-Inti,https://miamifever.smugmug.com/Clients/Cars/Premiere-2021/n-hWt5TL/NEW/Lamborghini-Huracan-EVO-Giallo-Inti,00b-L.jpg,i-vJ7X3M5,Lamborghini,Huracan,,,ultra-luxury,true,false,false,false,false,false,false,false
56,Chevrolet Corvette C8 Convertible Orange,Chevrolet-Corvette-C8-Convertible-Orange,https://miamifever.smugmug.com/Clients/Cars/Premiere-2021/n-hWt5TL/NEW/Chevrolet-Corvette-C8-Convertible-Orange,00-L.jpg,i-s3pD5FW,Chevrolet,Corvette,Convertible,,standard,true,false,false,false,false,false,false,false
57,Lamborghini Urus Grigio Lynx 2,Lamborghini-Urus-Grigio-Lynx-2,https://miamifever.smugmug.com/Clients/Cars/Premiere-2021/n-hWt5TL/NEW/Lamborghini-Urus-Grigio-Lynx-2,00-L.jpg,i-FjLhN8f,Lamborghini,Urus,SUV,,ultra-luxury,true,false,false,false,false,false,false,false
58,Jeep Wrangler JL White Wrap,Jeep-Wrangler-JL-White-Wrap,https://miamifever.smugmug.com/Clients/Cars/Premiere-2021/n-hWt5TL/NEW/Jeep-Wrangler-JL-White-Wrap,00-L.jpg,i-Vqc3zS7,Jeep,Wrangler,SUV,,standard,true,false,false,false,false,false,false,false
59,Chevrolet Corvette Convertible C8 Z51,Chevrolet-Corvette-C8-Z51,https://miamifever.smugmug.com/Clients/Cars/Premiere-2021/n-hWt5TL/NEW/Chevrolet-Corvette-C8-Z51,00-L.jpg,i-62nz2d3,Chevrolet,Corvette,Convertible,,standard,true,false,false,false,false,false,false,false
60,Mercedes-Benz G63,Mercedes-Benz-G63,https://miamifever.smugmug.com/Clients/Cars/Premiere-2021/n-hWt5TL/NEW/Mercedes-Benz-G63,01-L.jpg,i-ZdX5xhZ,Mercedes-Benz,G63,SUV,,premium,true,false,false,false,false,false,false,false
61,Lamborghini Urus Grigio Lynx,Lamborghini-Urus-Grigio-Lynx,https://miamifever.smugmug.com/Clients/Cars/Premiere-2021/n-hWt5TL/NEW/Lamborghini-Urus-Grigio-Lynx,01-L.jpg,i-xz48jL9,Lamborghini,Urus,SUV,,ultra-luxury,true,false,false,false,false,false,false,false
62,Rolls-Royce Cullinan,Rolls-Royce-Cullinan,https://miamifever.smugmug.com/Clients/Cars/Premiere-2021/n-hWt5TL/NEW/Rolls-Royce-Cullinan,00-L.jpg,i-sDP53Rg,Rolls-Royce,Cullinan,SUV,,ultra-luxury,true,true,false,false,false,false,false,true
63,Jeep Wrangler JL Rubicon,Jeep-Wrangler-JL-Rubicon,https://miamifever.smugmug.com/Clients/Cars/Premiere-2021/n-hWt5TL/NEW/Jeep-Wrangler-JL-Rubicon,00-L.jpg,i-ztMcLWf,Jeep,Wrangler,SUV,,standard,true,false,false,false,false,false,false,false
64,Lamborghini Huracan EVO Spyder Green,Lamborghini-Huracan-EVO-Spyder-Green,https://miamifever.smugmug.com/Clients/Cars/Premiere-2021/n-hWt5TL/NEW/Lamborghini-Huracan-EVO-Spyder-Green,00-L.jpg,i-CptJNNL,Lamborghini,Huracan,Convertible/Spyder,,ultra-luxury,true,false,false,false,false,false,false,false
65,Lamborghini Huracan EVO Spyder Red,Lamborghini-Huracan-EVO-Spyder-Red,https://miamifever.smugmug.com/Clients/Cars/Premiere-2021/n-hWt5TL/NEW/Lamborghini-Huracan-EVO-Spyder-Red,01-L.jpg,i-kX9DFmD,Lamborghini,Huracan,Convertible/Spyder,,ultra-luxury,true,true,false,false,false,false,false,true
66,Rolls Royce Dawn Satin White,Rolls-Royce-Dawn-Satin-White,https://miamifever.smugmug.com/Clients/Cars/Premiere-2021/n-hWt5TL/NEW/Rolls-Royce-Dawn-Satin-White,01-L.jpg,i-MnQqTWK,Rolls-Royce,Dawn,,,ultra-luxury,true,false,false,false,false,false,false,false
67,Maserati Ghibli SQ4,Maserati-Ghibli-SQ4,https://miamifever.smugmug.com/Clients/Cars/Premiere-2021/n-hWt5TL/NEW/Maserati-Ghibli-SQ4,01-L.jpg,i-stCmChG,Maserati,Ghibli,Sedan,,ultra-luxury,true,false,false,false,false,false,false,false
68,Lamborghini Huracan Spyder Grey,Lamborghini-Huracan-Spyder-Grey,https://miamifever.smugmug.com/Clients/Cars/Premiere-2021/n-hWt5TL/NEW/Lamborghini-Huracan-Spyder-Grey,01-L.jpg,i-Gd7ptrH,Lamborghini,Huracan,Convertible/Spyder,,ultra-luxury,true,false,false,false,false,false,false,false
69,Lexus GX460,Lexus-GX460,https://miamifever.smugmug.com/Clients/Cars/Premiere-2021/n-hWt5TL/NEW/Lexus-GX460,01-L.jpg,i-WFRPW6V,Lexus,GX460,SUV,,standard,true,false,false,false,false,false,false,false
70,Bentley Bentayga Hybrid,Bentley-Bentayga-Hybrid,https://miamifever.smugmug.com/Clients/Cars/Premiere-2021/n-hWt5TL/NEW/Bentley-Bentayga-Hybrid,01-L.jpg,i-4hHTkSn,Bentley,Bentayga,SUV,,ultra-luxury,true,false,false,false,false,false,false,false
71,Lamborghini Urus Blue,Lamborghini-Urus-Blue,https://miamifever.smugmug.com/Clients/Cars/Premiere-2021/n-hWt5TL/NEW/Lamborghini-Urus-Blue,01-L.jpg,i-FGz39vj,Lamborghini,Urus,SUV,,ultra-luxury,true,false,false,false,false,false,false,false
72,Porsche 911 991 Carrera S,Porsche-911-991-Carrera-S,https://miamifever.smugmug.com/Clients/Cars/Premiere-2021/n-hWt5TL/NEW/Porsche-911-991-Carrera-S,01-L.jpg,i-qTV5LSn,Porsche,911,,,premium,true,false,false,false,false,false,false,false
73,Ferrari 488 Spider Silver,Ferrari-488-Spider-Silver,https://miamifever.smugmug.com/Clients/Cars/Premiere-2021/n-hWt5TL/NEW/Ferrari-488-Spider-Silver,01-L.jpg,i-Vb9hNpp,Ferrari,488,Convertible/Spyder,,ultra-luxury,true,false,false,false,false,false,false,false
74,Bentley Continental GT Speed,Bentley-Continental-GT-Speed,https://miamifever.smugmug.com/Clients/Cars/Premiere-2021/n-hWt5TL/NEW/Bentley-Continental-GT-Speed,01-L.jpg,i-MtLTqtt,Bentley,Continental,,,ultra-luxury,true,false,false,false,false,false,false,false
75,Group Photos,Group-Photos,https://miamifever.smugmug.com/Clients/Cars/Premiere-2021/n-hWt5TL/NEW/Group-Photos,DDS_3214-L.jpg,i-GGp8B2B,,,,,unknown,false,false,false,false,false,false,false,false
76,Lamborghini Huracan Orange with Black Hood,Lamborghini-Huracan-Orange-with-Black-Hood,https://miamifever.smugmug.com/Clients/Cars/Premiere-2021/n-hWt5TL/NEW/Lamborghini-Huracan-Orange-with-Black-Hood,DDS_4810-L.jpg,i-8QmzGbM,Lamborghini,Huracan,,,ultra-luxury,true,false,false,false,false,true,false,false
77,Ferrari 488 Spider,Ferrari-488-Spider,https://miamifever.smugmug.com/Clients/Cars/Premiere-2021/n-hWt5TL/NEW/Ferrari-488-Spider,01-L.jpg,i-DjvNCsD,Ferrari,488,Convertible/Spyder,,ultra-luxury,true,false,false,false,false,false,false,false
78,Lamborghini Huracan Black,Lamborghini-Huracan-Black,https://miamifever.smugmug.com/Clients/Cars/Premiere-2021/n-hWt5TL/NEW/Lamborghini-Huracan-Black,01-L.jpg,i-Zdv853L,Lamborghini,Huracan,,,ultra-luxury,true,false,false,false,false,false,false,false
79,Lamborghini Huracan Orange,Lamborghini-Huracan-Orange,https://miamifever.smugmug.com/Clients/Cars/Premiere-2021/n-hWt5TL/NEW/Lamborghini-Huracan-Orange,01-L.jpg,i-rcFLVLd,Lamborghini,Huracan,,,ultra-luxury,true,false,false,false,false,false,false,false
80,Mercedes C300 Convertible,Mercedes-C300-Convertible,https://miamifever.smugmug.com/Clients/Cars/Premiere-2021/n-hWt5TL/NEW/Mercedes-C300-Convertible,01-L.jpg,i-KRKccQs,Mercedes,C300,Convertible,,standard,true,false,false,false,false,false,false,false
81,Rolls Royce Wraith,Rolls-Royce-Wraith,https://miamifever.smugmug.com/Clients/Cars/Premiere-2021/n-hWt5TL/NEW/Rolls-Royce-Wraith,01-L.jpg,i-DNmftnK,Rolls-Royce,Wraith,Sedan,,ultra-luxury,true,false,false,false,false,false,false,false
82,Chevrolet Corvette,Chevrolet-Corvette,https://miamifever.smugmug.com/Clients/Cars/Premiere-2021/n-hWt5TL/NEW/Chevrolet-Corvette,01-L.jpg,i-MfxRNXT,Chevrolet,Corvette,,,standard,true,false,false,false,false,false,false,false
83,Rolls Royce Dawn,Rolls-Royce-Dawn,https://miamifever.smugmug.com/Clients/Cars/Premiere-2021/n-hWt5TL/NEW/Rolls-Royce-Dawn,01-L.jpg,i-Sc5qR2d,Rolls-Royce,Dawn,,,ultra-luxury,true,false,false,false,false,false,false,false
84,Ferrari 458 Spider,Ferrari-458-Spider,https://miamifever.smugmug.com/Clients/Cars/Premiere-2021/n-hWt5TL/NEW/Ferrari-458-Spider,01-L.jpg,i-vTzJrwP,Ferrari,458,Convertible/Spyder,,ultra-luxury,true,false,false,false,false,false,false,false
85,Ford Mustang,Ford-Mustang,https://miamifever.smugmug.com/Clients/Cars/Premiere-2021/n-hWt5TL/NEW/Ford-Mustang,01-L.jpg,i-RMhNV8z,Ford,Mustang,,,standard,true,false,false,false,false,false,false,false